run_id,timestamp,rq,backbone,layer_set,optimizer_name,content_image,style_image,content_weight,style_weight,tv_weight,iterations,final_content_loss,final_style_loss,final_tv_loss,final_total_loss,wall_clock_seconds,ssim_content_output,output_path
rq1_backbone_vgg16_default_sgd_singapore_starrynight_cw2.5e-08_sw1.0e-03_tv1.0e-08_it2000,2026-09-13T06:14:30.850340+00:00,rq1_backbone,vgg16,default,sgd,singapore,starrynight,2.5e-08,0.001,1e-08,2000,3.785509586334229,288.5874328613281,107.15245819091795,399.5254211425781,427.78508019447327,0.6354725325552281,/content/gdrive/MyDrive/NST_FYP/results/rq1_backbone/vgg16_default_singapore_starrynight_it2000.png
rq1_backbone_vgg16_shallow_only_sgd_singapore_starrynight_cw2.5e-08_sw1.0e-03_tv1.0e-08_it2000,2026-09-13T06:21:08.057592+00:00,rq1_backbone,vgg16,shallow_only,sgd,singapore,starrynight,2.5e-08,0.001,1e-08,2000,3.071998119354248,336.78125,108.2074737548828,448.0607299804688,396.7676196098328,0.6744769825672194,/content/gdrive/MyDrive/NST_FYP/results/rq1_backbone/vgg16_shallow_only_singapore_starrynight_it2000.png
rq1_backbone_vgg16_deep_only_sgd_singapore_starrynight_cw2.5e-08_sw1.0e-03_tv1.0e-08_it2000,2026-09-13T06:27:09.862305+00:00,rq1_backbone,vgg16,deep_only,sgd,singapore,starrynight,2.5e-08,0.001,1e-08,2000,0.6498333811759949,30.826574325561523,33.113372802734375,64.58978271484375,361.33066749572754,0.9846660641219144,/content/gdrive/MyDrive/NST_FYP/results/rq1_backbone/vgg16_deep_only_singapore_starrynight_it2000.png
rq1_backbone_vgg19_default_sgd_singapore_starrynight_cw2.5e-08_sw1.0e-03_tv1.0e-08_it2000,2026-09-13T06:35:31.030013+00:00,rq1_backbone,vgg19,default,sgd,singapore,starrynight,2.5e-08,0.001,1e-08,2000,12.146660804748535,182.73147583007807,109.270751953125,304.1488952636719,500.7393748760224,0.6160723805392303,/content/gdrive/MyDrive/NST_FYP/results/rq1_backbone/vgg19_default_singapore_starrynight_it2000.png
rq1_backbone_vgg19_shallow_only_sgd_singapore_starrynight_cw2.5e-08_sw1.0e-03_tv1.0e-08_it2000,2026-09-13T06:43:21.391181+00:00,rq1_backbone,vgg19,shallow_only,sgd,singapore,starrynight,2.5e-08,0.001,1e-08,2000,5.859349727630615,274.8607788085937,110.14972686767578,390.8698425292969,469.9222626686096,0.6600647273071468,/content/gdrive/MyDrive/NST_FYP/results/rq1_backbone/vgg19_shallow_only_singapore_starrynight_it2000.png
rq1_backbone_vgg19_deep_only_sgd_singapore_starrynight_cw2.5e-08_sw1.0e-03_tv1.0e-08_it2000,2026-09-13T06:50:38.513015+00:00,rq1_backbone,vgg19,deep_only,sgd,singapore,starrynight,2.5e-08,0.001,1e-08,2000,14.222110748291016,47.51469802856445,64.16793060302734,125.9047393798828,436.6776299476624,0.6998508672225978,/content/gdrive/MyDrive/NST_FYP/results/rq1_backbone/vgg19_deep_only_singapore_starrynight_it2000.png
rq2_weights_vgg19_default_sgd_singapore_starrynight_cw2.5e-08_sw1.0e-04_tv1.0e-08_it2000,2026-09-13T07:58:37.958702+00:00,rq2_weights,vgg19,default,sgd,singapore,starrynight,2.5e-08,0.0001,1e-08,2000,7.073304653167725,173.0459747314453,62.28514862060547,242.4044189453125,500.8518190383911,0.8212407587701178,/content/gdrive/MyDrive/NST_FYP/results/rq2_weights/vgg19_cw2.5e-08_sw1.0e-04_tv1.0e-08_singapore_starrynight_it2000.png
rq2_weights_vgg19_default_sgd_singapore_starrynight_cw2.5e-08_sw1.0e-03_tv1.0e-08_it2000,2026-09-13T08:06:57.809002+00:00,rq2_weights,vgg19,default,sgd,singapore,starrynight,2.5e-08,0.001,1e-08,2000,12.14421558380127,182.73553466796875,109.2694320678711,304.149169921875,499.39061188697815,0.6160654273517518,/content/gdrive/MyDrive/NST_FYP/results/rq2_weights/vgg19_cw2.5e-08_sw1.0e-03_tv1.0e-08_singapore_starrynight_it2000.png
rq2_weights_vgg19_default_sgd_singapore_starrynight_cw2.5e-08_sw1.0e-02_tv1.0e-08_it2000,2026-09-13T08:15:19.261864+00:00,rq2_weights,vgg19,default,sgd,singapore,starrynight,2.5e-08,0.01,1e-08,2000,17.700666427612305,470.3933715820313,108.41303253173828,596.507080078125,501.0178263187408,0.6043559182738242,/content/gdrive/MyDrive/NST_FYP/results/rq2_weights/vgg19_cw2.5e-08_sw1.0e-02_tv1.0e-08_singapore_starrynight_it2000.png
rq2_weights_vgg19_default_sgd_singapore_starrynight_cw2.5e-08_sw1.0e-01_tv1.0e-08_it2000,2026-09-13T08:23:39.905973+00:00,rq2_weights,vgg19,default,sgd,singapore,starrynight,2.5e-08,0.1,1e-08,2000,23.708152770996094,444.2503356933594,108.86800384521484,576.8264770507812,500.20148849487305,0.4744800025519034,/content/gdrive/MyDrive/NST_FYP/results/rq2_weights/vgg19_cw2.5e-08_sw1.0e-01_tv1.0e-08_singapore_starrynight_it2000.png
rq2_weights_vgg19_default_sgd_singapore_starrynight_cw2.5e-08_sw1.0e-03_tv1.0e-09_it2000,2026-09-13T08:31:59.383638+00:00,rq2_weights,vgg19,default,sgd,singapore,starrynight,2.5e-08,0.001,1e-09,2000,12.152174949645996,182.6819610595703,12.519197463989258,207.35333251953125,499.0416121482849,0.6244201489235933,/content/gdrive/MyDrive/NST_FYP/results/rq2_weights/vgg19_cw2.5e-08_sw1.0e-03_tv1.0e-09_singapore_starrynight_it2000.png
rq2_weights_vgg19_default_sgd_singapore_starrynight_cw2.5e-08_sw1.0e-03_tv1.0e-07_it2000,2026-09-13T08:40:20.179379+00:00,rq2_weights,vgg19,default,sgd,singapore,starrynight,2.5e-08,0.001,1e-07,2000,12.775166511535645,252.6752014160156,562.0307006835938,827.4810791015625,500.34996342659,0.5563650873029942,/content/gdrive/MyDrive/NST_FYP/results/rq2_weights/vgg19_cw2.5e-08_sw1.0e-03_tv1.0e-07_singapore_starrynight_it2000.png
rq3_optimizer_vgg19_default_sgd_singapore_starrynight_cw2.5e-08_sw1.0e-03_tv1.0e-08_it2000,2026-09-13T09:14:35.129332+00:00,rq3_optimizer,vgg19,default,sgd,singapore,starrynight,2.5e-08,0.001,1e-08,2000,12.146455764770508,182.7372131347656,109.27122497558594,304.1549072265625,501.485684633255,0.6160703753936786,/content/gdrive/MyDrive/NST_FYP/results/rq3_optimizer/sgd_vgg19_default_singapore_starrynight_it2000.png
rq3_optimizer_vgg19_default_adam_singapore_starrynight_cw2.5e-08_sw1.0e-03_tv1.0e-08_it2000,2026-09-13T09:22:56.792712+00:00,rq3_optimizer,vgg19,default,adam,singapore,starrynight,2.5e-08,0.001,1e-08,2000,5.047631740570068,14.187692642211914,52.83789825439453,72.07322692871094,501.1917939186096,0.1039280700977157,/content/gdrive/MyDrive/NST_FYP/results/rq3_optimizer/adam_vgg19_default_singapore_starrynight_it2000.png
gallery_vgg19_default_sgd_content2_style2_cw2.5e-08_sw1.0e-03_tv1.0e-08_it2000,2026-09-13T09:50:26.116472+00:00,gallery,vgg19,default,sgd,content2,style2,2.5e-08,0.001,1e-08,2000,9.828764915466309,69.29627227783203,31.51005172729492,110.63508605957033,245.25225472450256,0.6409258661943877,/content/gdrive/MyDrive/NST_FYP/results/gallery/content2_style2_best-config_it2000.png
gallery_vgg19_default_sgd_content3_style2_cw2.5e-08_sw1.0e-03_tv1.0e-08_it2000,2026-09-13T10:00:25.935674+00:00,gallery,vgg19,default,sgd,content3,style2,2.5e-08,0.001,1e-08,2000,6.672260761260986,184.6942443847656,72.91028594970703,264.2767944335937,295.4533762931824,0.8914550546151122,/content/gdrive/MyDrive/NST_FYP/results/gallery/content3_style2_best-config_it2000.png
gallery_vgg19_default_sgd_content1_style1_cw2.5e-08_sw1.0e-03_tv1.0e-08_it2000,2026-09-13T10:28:31.729508+00:00,gallery,vgg19,default,sgd,content1,style1,2.5e-08,0.001,1e-08,2000,22.333452224731445,305.95465087890625,131.2409210205078,459.529052734375,427.13637042045593,0.5575831235802912,/content/gdrive/MyDrive/NST_FYP/results/gallery/content1_style1_best-config_it2000.png
gallery_vgg19_default_sgd_content1_style2_cw2.5e-08_sw1.0e-03_tv1.0e-08_it2000,2026-09-13T10:35:38.761719+00:00,gallery,vgg19,default,sgd,content1,style2,2.5e-08,0.001,1e-08,2000,17.408729553222656,180.90484619140625,62.439117431640625,260.752685546875,426.76846385002136,0.6597428598025168,/content/gdrive/MyDrive/NST_FYP/results/gallery/content1_style2_best-config_it2000.png
gallery_vgg19_default_sgd_content2_style1_cw2.5e-08_sw1.0e-03_tv1.0e-08_it2000,2026-09-13T10:39:44.543964+00:00,gallery,vgg19,default,sgd,content2,style1,2.5e-08,0.001,1e-08,2000,20.457958221435547,988.2015991210938,73.383056640625,1082.0426025390625,245.09044861793518,0.43436533422448337,/content/gdrive/MyDrive/NST_FYP/results/gallery/content2_style1_best-config_it2000.png
gallery_vgg19_default_sgd_content3_style1_cw2.5e-08_sw1.0e-03_tv1.0e-08_it2000,2026-09-13T10:44:42.842925+00:00,gallery,vgg19,default,sgd,content3,style1,2.5e-08,0.001,1e-08,2000,18.693496704101562,526.688720703125,115.25293731689453,660.6351318359375,296.18216586112976,0.6490419724070214,/content/gdrive/MyDrive/NST_FYP/results/gallery/content3_style1_best-config_it2000.png
